province,country,latitude,longitude,category,utc_20200301,utc_20200302,utc_20200303,utc_20200304,utc_20200305,utc_20200306,utc_20200307,utc_20200308,utc_20200309,utc_20200310,utc_20200311,utc_20200312,utc_20200313,utc_20200314,utc_20200315,utc_20200316,utc_20200317,utc_20200318,utc_20200319,utc_20200320,utc_20200321,utc_20200322,utc_20200323,utc_20200324,utc_20200325,utc_20200326,utc_20200327,utc_20200328,utc_20200329,utc_20200330,utc_20200331,utc_20200401,utc_20200402,utc_20200403,utc_20200404,utc_20200405,utc_20200406,utc_20200407,utc_20200408,utc_20200409,utc_20200410,utc_20200411,utc_20200412,utc_20200413,utc_20200414,utc_20200415,utc_20200416,utc_20200417,utc_20200418,utc_20200419,utc_20200420,utc_20200421,utc_20200422,utc_20200423,utc_20200424,utc_20200425,utc_20200426,utc_20200427,utc_20200428,utc_20200429,utc_20200430,utc_20200501,utc_20200502,utc_20200503,utc_20200504,utc_20200505,utc_20200506,utc_20200507,utc_20200508,utc_20200509,utc_20200510,utc_20200511,utc_20200512,utc_20200513,utc_20200514,utc_20200515,utc_20200516,utc_20200517,utc_20200518,utc_20200519,utc_20200520,utc_20200521,utc_20200522,utc_20200523,utc_20200524,utc_20200525,utc_20200526,utc_20200527,utc_20200528,utc_20200529,utc_20200530,utc_20200531,utc_20200601,utc_20200602,utc_20200603,utc_20200604,utc_20200605,utc_20200606,utc_20200607,utc_20200608,utc_20200609,utc_20200610,utc_20200611,utc_20200612,utc_20200613,utc_20200614,utc_20200615,utc_20200616,utc_20200617,utc_20200618,utc_20200619,utc_20200620,utc_20200621,utc_20200622,utc_20200623,utc_20200624,utc_20200625,utc_20200626,utc_20200627,utc_20200628,utc_20200629,utc_20200630,utc_20200701,utc_20200702,utc_20200704,utc_20200705,utc_20200706,utc_20200707,utc_20200708,utc_20200709,utc_20200710,utc_20200711,utc_20200712,utc_20200713,utc_20200714,utc_20200715,utc_20200716
,Chile,-33.4475,-70.6737,confirmed,0,1,2,4,6,6,7,10,13,17,23,33,43,61,75,156,201,238,342,434,537,632,746,922,1142,1306,1610,1909,2139,2449,2738,3031,3404,3737,4161,4471,4815,5116,5546,5972,6501,6927,7213,7525,7917,8273,8807,9252,9730,10088,10507,10832,11296,11812,12306,12858,13331,13813,14365,15135,16023,17008,18435,19663,20643,22016,23048,24581,25972,27219,28866,30063,31721,34381,37040,39542,41428,43781,46059,49579,53617,57581,61857,65393,69102,73997,77961,82289,86943,90638,94858,99688,105159,108686,113628,118292,122499,127745,134150,138846,142759,148496,154092,160846,167355,174293,179436,184449,220628,225103,231393,236748,242355,246963,250767,254416,259064,263360,267766,271982,275999,279393,282043,284541,291847,295532,298557,301019,303083,306216,309274,312029,315041,317657,319493,321205,323698
,Chile,-33.4475,-70.6737,recovered,0,0,0,0,0,0,0,0,0,0,0,0,0,0,0,0,0,0,5,6,8,8,11,17,22,33,43,61,75,156,156,234,335,427,528,528,728,898,1115,1274,1571,1864,2059,2367,2646,2937,3299,3621,4035,4338,4476,4969,5386,5804,6327,6746,7024,7327,7710,8057,8580,9018,9572,10041,10415,10710,11189,11664,12160,12667,13112,13605,14125,14865,15655,16614,18014,19213,20165,21507,22504,23992,25342,26546,28148,29302,30915,33540,36115,38598,40431,42727,44946,86173,90748,95631,99358,103817,108150,112248,117361,121820,126444,131358,137296,143704,148792,156232,181931,186441,191491,196609,200569,242461,246262,249685,254161,258292,262419,266473,236154,241229,245443,249247,257445,261032,264371,268245,271703,274922,278053,281104,283902,286556,289220,292085,295301
,Chile,-33.4475,-70.6737,deaths,0,0,0,0,0,0,0,0,0,0,0,0,0,0,0,0,0,0,0,0,1,1,2,2,3,4,5,6,7,8,12,16,18,22,27,34,37,43,48,57,65,73,80,82,92,94,105,116,126,133,139,147,160,168,174,181,189,198,207,216,227,234,247,260,270,275,281,285,294,304,312,323,335,346,368,394,421,450,478,509,544,589,630,673,718,761,806,841,890,944,997,1054,1113,1188,1275,1356,1448,1541,1637,2264,2283,2475,2648,2870,3101,3323,3362,3383,3615,3841,4093,4295,4479,4502,4505,4731,4903,5068,5347,5509,5575,5688,5753,5920,6192,6308,6308,6434,6573,6682,6781,6881,6979,7024,7069,7186,7290
Metropolitana,Chile,-33.4378,-70.6504,confirmed,0,0,0,2,4,4,4,5,7,10,14,23,29,40,54,123,152,174,247,304,359,409,459,540,682,746,938,1084,1167,1295,1420,1521,1636,1742,1957,2102,2244,2350,2548,2832,3193,3448,3599,3803,4086,4334,4682,4915,5192,5381,5643,5788,6083,6434,6761,7165,7496,7858,8300,8889,9625,10516,11661,12656,13528,14707,15582,16828,17979,18957,20353,21317,22709,24965,27216,29276,30794,32684,34451,37591,41179,44641,48350,51399,54544,58930,62285,66011,69915,72910,76251,80504,85239,88194,92191,95890,99066,103194,108462,112136,115126,119746,124135,129694,134751,140398,144280,148302,180532,183553,187974,191577,195366,198392,200861,203211,206246,208862,211819,214388,216896,219151,220467,221820,226128,228208,229856,231171,232158,233845,235370,236699,238360,239791,240655,241345,242572
Metropolitana,Chile,-33.4378,-70.6504,recovered,0,0,0,0,0,0,0,0,0,0,0,0,0,0,0,0,0,0,0,0,0,0,0,0,0,0,0,0,0,0,0,0,0,0,0,0,0,0,0,0,0,0,0,0,0,0,0,0,0,0,0,0,0,0,0,0,0,0,0,0,0,0,0,0,0,0,0,0,0,0,0,0,0,0,0,0,0,0,0,0,0,0,0,0,0,0,0,0,0,0,0,0,0,0,0,0,0,0,0,0,0,0,0,0,0,0,0,0,0,0,0,0,0,0,0,0,0,0,0,0,190688,194094,196729,199125,204387,206451,208652,210992,213021,214856,216627,218322,219896,221418,222906,224418,226151
Metropolitana,Chile,-33.4378,-70.6504,deaths,0,0,0,0,0,0,0,0,0,0,0,0,0,0,0,0,0,0,0,0,1,1,2,2,2,3,3,3,3,3,4,5,6,8,9,10,10,12,14,21,29,32,35,36,40,41,48,51,58,63,67,69,78,85,86,89,91,95,100,104,110,114,122,135,143,146,150,152,157,163,166,172,178,184,202,221,246,270,294,318,348,388,423,455,494,529,567,595,638,685,728,775,824,894,961,1034,1105,1184,1273,1950,1968,2115,2273,2468,2681,2878,2913,2934,3114,3319,3545,3715,3870,3892,3895,4065,4206,4342,4584,4711,4777,4889,4954,5055,5251,5328,5401,5451,5533,5610,5673,5746,5814,5858,5898,5957,6027
Valparaiso,Chile,-33.0458,-71.6197,confirmed,0,0,0,0,0,0,0,0,0,0,0,0,0,0,0,1,1,1,4,5,13,16,19,25,32,44,49,71,80,108,115,136,156,176,185,191,198,214,225,230,241,248,254,273,285,299,330,345,359,381,388,403,421,429,436,454,460,485,493,526,559,568,614,638,656,687,716,781,828,878,933,970,1029,1123,1213,1312,1365,1474,1553,1639,1770,1887,2020,2116,2230,2305,2455,2576,2730,2842,3037,3167,3348,3595,3769,4017,4266,4580,4862,5149,5391,5614,5865,6171,6527,6758,7012,7262,8253,8473,8758,9014,9298,9615,9901,10187,10482,10797,11054,11307,11541,11752,12008,12201,12766,13051,13231,13433,13598,13797,14053,14257,14516,14734,14903,15016,15068
Valparaiso,Chile,-33.0458,-71.6197,recovered,0,0,0,0,0,0,0,0,0,0,0,0,0,0,0,0,0,0,0,0,0,0,0,0,0,0,0,0,0,0,0,0,0,0,0,0,0,0,0,0,0,0,0,0,0,0,0,0,0,0,0,0,0,0,0,0,0,0,0,0,0,0,0,0,0,0,0,0,0,0,0,0,0,0,0,0,0,0,0,0,0,0,0,0,0,0,0,0,0,0,0,0,0,0,0,0,0,0,0,0,0,0,0,0,0,0,0,0,0,0,0,0,0,0,0,0,0,0,0,0,9085,9409,9677,9903,10403,10673,10878,11154,11387,11615,11854,12066,12255,12432,12635,12844,13097
Valparaiso,Chile,-33.0458,-71.6197,deaths,0,0,0,0,0,0,0,0,0,0,0,0,0,0,0,0,0,0,0,0,0,0,0,0,0,0,0,0,0,0,1,1,1,1,1,1,1,1,2,2,2,2,2,2,2,2,4,4,4,5,5,6,7,7,8,9,9,9,10,12,12,12,13,13,13,15,16,17,18,19,20,21,23,24,25,27,28,29,30,32,35,38,40,44,48,53,57,58,60,61,63,66,70,72,77,78,88,91,93,85,85,99,107,118,120,125,126,126,141,143,150,158,170,170,170,187,195,204,217,229,229,230,230,252,278,292,292,292,303,312,320,326,331,331,331,347,363
Antofagasta,Chile,-23.8369,-69.2878,confirmed,0,0,0,0,0,0,0,0,0,0,0,0,0,2,2,2,2,2,2,6,10,11,11,13,19,20,21,25,27,35,35,39,47,54,55,60,68,69,77,92,110,117,138,149,155,176,192,211,226,249,263,291,326,340,366,391,443,457,481,514,546,589,679,740,760,811,855,895,923,947,978,1014,1109,1216,1277,1331,1429,1505,1589,1648,1731,1778,1841,1897,1947,2015,2063,2137,2248,2318,2429,2510,2585,2649,2716,2862,2924,3033,3154,3245,3402,3559,3753,3885,4038,4286,4556,4643,5241,5528,5828,6215,6461,6708,6991,7227,7515,7742,8027,8308,8625,8829,9083,9285,9823,10119,10355,10594,10825,11077,11267,11580,11799,12034,12224,12389,12500
Antofagasta,Chile,-23.8369,-69.2878,recovered,0,0,0,0,0,0,0,0,0,0,0,0,0,0,0,0,0,0,0,0,0,0,0,0,0,0,0,0,0,0,0,0,0,0,0,0,0,0,0,0,0,0,0,0,0,0,0,0,0,0,0,0,0,0,0,0,0,0,0,0,0,0,0,0,0,0,0,0,0,0,0,0,0,0,0,0,0,0,0,0,0,0,0,0,0,0,0,0,0,0,0,0,0,0,0,0,0,0,0,0,0,0,0,0,0,0,0,0,0,0,0,0,0,0,0,0,0,0,0,0,6616,6907,7176,7375,7861,8113,8298,8526,8782,9008,9241,9494,9713,9924,10157,10392,10662
Antofagasta,Chile,-23.8369,-69.2878,deaths,0,0,0,0,0,0,0,0,0,0,0,0,0,0,0,0,0,0,0,0,0,0,0,0,0,0,0,0,0,0,0,0,0,0,0,0,0,1,1,1,1,1,1,1,1,1,1,1,1,1,1,1,2,2,2,3,4,4,4,4,5,7,7,7,7,7,7,7,9,10,10,10,10,11,11,12,12,13,14,16,17,17,17,21,21,21,23,25,28,28,29,31,32,34,36,38,42,47,47,45,45,56,57,65,67,72,72,72,81,87,93,94,100,100,100,113,122,128,142,147,147,147,147,163,174,183,183,183,197,203,216,218,224,225,228,232,236
Bio Bio,Chile,-37.4464,-72.1416,confirmed,0,0,0,0,0,0,0,0,1,1,1,1,3,3,3,4,4,7,14,19,30,35,46,73,95,109,135,151,185,201,216,240,275,302,347,365,383,410,439,460,474,490,500,512,528,542,559,578,606,616,626,636,658,675,683,696,703,706,709,719,727,729,751,759,762,774,789,814,842,882,899,932,942,975,995,1036,1074,1099,1144,1172,1224,1263,1311,1354,1414,1458,1502,1565,1677,1778,1888,1979,2070,2082,2215,2301,2379,2490,2595,2651,2694,2846,2974,3103,3269,3401,3460,3515,4015,4183,4401,4658,4911,5158,5328,5464,5702,5958,6139,6398,6595,6697,6845,6951,7262,7456,7611,7713,7816,7980,8151,8295,8459,8589,8680,8792,8994
Bio Bio,Chile,-37.4464,-72.1416,recovered,0,0,0,0,0,0,0,0,0,0,0,0,0,0,0,0,0,0,0,0,0,0,0,0,0,0,0,0,0,0,0,0,0,0,0,0,0,0,0,0,0,0,0,0,0,0,0,0,0,0,0,0,0,0,0,0,0,0,0,0,0,0,0,0,0,0,0,0,0,0,0,0,0,0,0,0,0,0,0,0,0,0,0,0,0,0,0,0,0,0,0,0,0,0,0,0,0,0,0,0,0,0,0,0,0,0,0,0,0,0,0,0,0,0,0,0,0,0,0,0,4523,4760,4976,5196,5603,5829,5977,6172,6386,6593,6762,6930,7059,7185,7327,7481,7632
Bio Bio,Chile,-37.4464,-72.1416,deaths,0,0,0,0,0,0,0,0,0,0,0,0,0,0,0,0,0,0,0,0,0,0,0,0,1,1,2,2,2,2,2,2,2,2,2,2,2,2,2,2,2,2,2,2,2,2,2,3,3,3,3,4,5,5,5,5,6,6,7,7,7,7,7,7,8,8,8,8,8,8,8,8,9,9,9,9,9,9,9,9,9,9,10,10,10,10,10,10,10,11,11,11,11,11,11,13,13,13,13,11,11,11,12,14,16,18,19,19,25,28,31,32,34,35,35,40,42,45,46,50,50,50,50,58,61,64,64,64,65,67,68,72,73,73,75,80,82
OHiggins,Chile,-34.5755,-71.0022,confirmed,0,0,0,0,0,0,0,0,0,0,0,0,0,0,0,0,0,0,2,6,7,8,8,9,11,14,16,20,21,21,23,26,32,33,38,41,42,42,43,44,44,45,46,48,53,54,54,55,55,55,56,57,59,76,81,85,92,94,97,104,108,109,120,125,131,136,145,151,167,182,195,216,224,248,295,323,329,366,418,442,455,465,492,518,554,588,654,691,705,745,756,785,813,843,931,967,1016,1111,1183,1255,1317,1442,1552,1629,1788,1927,2012,2221,2797,3017,3311,3613,3952,4186,4361,4610,4868,5136,5322,5606,5844,6081,6245,6445,6859,7068,7255,7468,7567,7761,8069,8210,8338,8487,8639,8755,8987
OHiggins,Chile,-34.5755,-71.0022,recovered,0,0,0,0,0,0,0,0,0,0,0,0,0,0,0,0,0,0,0,0,0,0,0,0,0,0,0,0,0,0,0,0,0,0,0,0,0,0,0,0,0,0,0,0,0,0,0,0,0,0,0,0,0,0,0,0,0,0,0,0,0,0,0,0,0,0,0,0,0,0,0,0,0,0,0,0,0,0,0,0,0,0,0,0,0,0,0,0,0,0,0,0,0,0,0,0,0,0,0,0,0,0,0,0,0,0,0,0,0,0,0,0,0,0,0,0,0,0,0,0,3716,3973,4197,4447,4921,5183,5413,5679,5913,6156,6377,6540,6722,6887,7061,7267,7468
OHiggins,Chile,-34.5755,-71.0022,deaths,0,0,0,0,0,0,0,0,0,0,0,0,0,0,0,0,0,0,0,0,0,0,0,0,0,0,0,0,0,0,0,0,0,0,0,0,0,0,0,0,0,0,0,0,0,0,0,0,0,0,0,1,1,1,1,1,1,1,1,1,1,1,3,3,3,3,3,3,3,3,3,4,4,4,4,5,5,5,6,7,7,7,8,11,11,13,13,14,14,14,16,18,18,18,20,21,22,25,25,22,23,26,28,30,32,33,35,35,41,44,46,50,52,52,52,59,63,65,68,69,69,69,69,77,89,92,92,92,104,109,113,119,123,123,123,134,139
Maule,Chile,-35.5972,-71.4887,confirmed,0,1,2,2,2,2,3,4,4,5,7,7,8,9,9,9,9,11,14,14,15,25,28,29,30,31,32,37,42,54,62,71,82,89,97,103,108,108,119,128,131,134,138,141,142,152,167,223,276,302,304,316,328,333,349,350,354,363,384,392,393,394,396,397,399,408,408,414,425,432,441,454,466,485,519,540,551,573,602,640,680,731,782,823,892,953,1013,1066,1120,1180,1256,1297,1341,1381,1595,1732,1834,1969,2109,2176,2289,2440,2560,2691,2844,2997,3091,3189,3386,3592,3807,3958,4210,4355,4504,4657,4832,5013,5182,5322,5463,5549,5717,5820,6144,6265,6378,6495,6581,6700,6833,6946,7053,7156,7241,7341,7462
Maule,Chile,-35.5972,-71.4887,recovered,0,0,0,0,0,0,0,0,0,0,0,0,0,0,0,0,0,0,0,0,0,0,0,0,0,0,0,0,0,0,0,0,0,0,0,0,0,0,0,0,0,0,0,0,0,0,0,0,0,0,0,0,0,0,0,0,0,0,0,0,0,0,0,0,0,0,0,0,0,0,0,0,0,0,0,0,0,0,0,0,0,0,0,0,0,0,0,0,0,0,0,0,0,0,0,0,0,0,0,0,0,0,0,0,0,0,0,0,0,0,0,0,0,0,0,0,0,0,0,0,4005,4182,4362,4504,4817,4966,5077,5226,5363,5496,5615,5743,5880,5988,6083,6221,6371
Maule,Chile,-35.5972,-71.4887,deaths,0,0,0,0,0,0,0,0,0,0,0,0,0,0,0,0,0,0,0,0,0,0,0,0,0,0,0,0,0,1,1,1,1,1,1,1,1,2,2,2,2,3,3,3,4,4,4,7,8,8,10,10,10,10,10,10,11,12,12,13,13,13,13,13,13,13,13,13,13,14,14,14,14,14,14,14,14,14,14,14,14,15,15,15,15,15,15,15,15,15,15,15,17,17,19,21,24,24,24,18,18,18,19,19,20,23,23,23,24,25,27,32,33,33,33,36,36,39,41,48,48,48,48,53,65,70,73,73,78,81,86,91,94,94,94,96,99
Tarapaca,Chile,-20.1637,-69.5463,confirmed,0,0,0,0,0,0,0,0,0,0,0,0,0,0,0,0,0,0,0,0,0,0,1,4,4,5,5,5,6,8,10,10,12,13,17,20,21,23,26,29,35,38,46,52,62,62,66,73,81,90,93,104,114,128,134,143,156,164,169,183,198,200,212,272,295,322,339,417,459,485,520,547,578,615,682,779,845,975,1056,1109,1139,1246,1393,1471,1564,1630,1737,1811,1957,2093,2250,2361,2526,2594,2682,2810,2965,3094,3250,3392,3491,3591,3696,3823,4004,4145,4258,4365,4787,4869,4995,5143,5258,5355,5442,5504,5577,5712,5771,5893,5974,6049,6116,6215,6372,6508,6632,6705,6789,6867,6961,7050,7147,7191,7217,7266,7353
Tarapaca,Chile,-20.1637,-69.5463,recovered,0,0,0,0,0,0,0,0,0,0,0,0,0,0,0,0,0,0,0,0,0,0,0,0,0,0,0,0,0,0,0,0,0,0,0,0,0,0,0,0,0,0,0,0,0,0,0,0,0,0,0,0,0,0,0,0,0,0,0,0,0,0,0,0,0,0,0,0,0,0,0,0,0,0,0,0,0,0,0,0,0,0,0,0,0,0,0,0,0,0,0,0,0,0,0,0,0,0,0,0,0,0,0,0,0,0,0,0,0,0,0,0,0,0,0,0,0,0,0,0,5068,5193,5285,5380,5565,5657,5724,5835,5937,6026,6085,6170,6254,6325,6400,6500,6604
Tarapaca,Chile,-20.1637,-69.5463,deaths,0,0,0,0,0,0,0,0,0,0,0,0,0,0,0,0,0,0,0,0,0,0,0,0,0,0,0,0,0,0,0,0,0,0,0,0,0,0,0,0,0,0,0,0,0,0,0,0,0,0,0,0,0,0,0,1,1,1,1,1,1,1,1,1,1,1,1,1,1,1,1,1,1,1,1,2,2,4,4,4,4,4,5,5,7,7,8,11,12,14,18,21,22,23,28,28,28,30,32,35,35,46,46,48,52,58,58,58,67,68,71,79,80,80,80,84,85,85,88,91,91,91,91,95,98,102,102,102,105,107,107,108,111,111,111,115,117
Coquimbo,Chile,-30.7547,-70.9006,confirmed,0,0,0,0,0,0,0,0,0,0,0,0,0,0,0,0,0,0,2,3,3,5,6,11,12,13,14,15,18,27,28,30,34,35,44,50,51,52,56,61,61,64,66,66,66,66,68,68,68,68,69,69,70,70,72,73,73,74,74,76,76,77,78,88,91,97,97,100,111,129,135,140,148,153,165,180,187,194,212,239,263,268,281,294,323,338,384,455,482,537,597,628,668,687,718,772,832,898,990,1123,1175,1256,1345,1438,1512,1556,1676,1720,1980,2076,2195,2273,2359,2428,2485,2539,2637,2705,2781,2857,2961,3050,3119,3170,3333,3434,3545,3621,3688,3779,3918,4026,4103,4166,4179,4277,4361
Coquimbo,Chile,-30.7547,-70.9006,recovered,0,0,0,0,0,0,0,0,0,0,0,0,0,0,0,0,0,0,0,0,0,0,0,0,0,0,0,0,0,0,0,0,0,0,0,0,0,0,0,0,0,0,0,0,0,0,0,0,0,0,0,0,0,0,0,0,0,0,0,0,0,0,0,0,0,0,0,0,0,0,0,0,0,0,0,0,0,0,0,0,0,0,0,0,0,0,0,0,0,0,0,0,0,0,0,0,0,0,0,0,0,0,0,0,0,0,0,0,0,0,0,0,0,0,0,0,0,0,0,0,2263,2343,2441,2507,2656,2737,2785,2878,2967,3042,3140,3248,3321,3383,3441,3508,3612
Coquimbo,Chile,-30.7547,-70.9006,deaths,0,0,0,0,0,0,0,0,0,0,0,0,0,0,0,0,0,0,0,0,0,0,0,0,0,0,0,0,0,0,0,0,0,0,0,0,0,0,0,0,0,0,0,0,0,0,0,0,0,0,0,0,0,0,0,0,0,0,0,0,0,0,0,0,0,0,0,0,0,0,1,1,1,1,1,1,2,2,2,2,2,2,2,2,2,2,2,2,2,2,2,2,2,2,4,4,5,5,5,5,5,6,7,7,8,10,10,10,12,15,16,16,17,17,17,18,22,23,23,23,23,23,23,24,26,26,26,26,27,29,29,31,33,33,33,42,42
Araucania,Chile,-38.671,-72.2565,confirmed,0,0,0,0,0,0,0,0,0,0,0,0,0,0,0,1,1,4,7,9,15,27,40,59,74,111,143,177,205,247,302,343,389,432,477,509,562,612,669,689,712,739,775,795,816,826,882,907,944,972,1045,1092,1113,1142,1184,1203,1216,1236,1251,1273,1293,1295,1314,1328,1331,1352,1362,1385,1403,1418,1454,1466,1482,1495,1536,1564,1587,1606,1639,1666,1680,1715,1737,1774,1808,1857,1883,1916,1954,1989,2060,2071,2111,2141,2173,2182,2288,2321,2377,2410,2445,2448,2535,2579,2645,2675,2728,2775,2815,2864,2897,2920,2969,3009,3027,3037,3064,3105,3128,3172,3212,3231,3246,3267,3369,3399,3453,3472,3482,3505,3538,3557,3595,3604,3615,3651,3666
Araucania,Chile,-38.671,-72.2565,recovered,0,0,0,0,0,0,0,0,0,0,0,0,0,0,0,0,0,0,0,0,0,0,0,0,0,0,0,0,0,0,0,0,0,0,0,0,0,0,0,0,0,0,0,0,0,0,0,0,0,0,0,0,0,0,0,0,0,0,0,0,0,0,0,0,0,0,0,0,0,0,0,0,0,0,0,0,0,0,0,0,0,0,0,0,0,0,0,0,0,0,0,0,0,0,0,0,0,0,0,0,0,0,0,0,0,0,0,0,0,0,0,0,0,0,0,0,0,0,0,0,2880,2922,2955,2983,3037,3064,3081,3115,3147,3185,3216,3250,3270,3306,3338,3368,3404
Araucania,Chile,-38.671,-72.2565,deaths,0,0,0,0,0,0,0,0,0,0,0,0,0,0,0,0,0,0,0,0,0,0,0,0,0,0,0,1,2,2,4,6,7,7,9,13,14,14,15,16,16,17,17,17,20,21,21,22,23,23,23,25,26,26,26,27,29,32,32,32,35,36,36,36,36,36,36,36,36,36,37,38,39,39,41,43,43,44,44,44,44,44,45,45,45,45,45,45,45,47,47,47,47,47,47,47,48,49,50,32,32,33,34,35,36,36,36,36,36,37,38,39,39,39,39,40,40,40,40,41,41,41,41,41,44,45,45,45,46,47,47,47,48,48,48,49,49
Nuble,Chile,-36.7226,-71.7622,confirmed,0,0,0,0,0,0,0,0,0,0,0,1,2,4,4,12,26,26,28,44,58,64,81,105,111,114,144,172,197,229,245,259,341,370,401,425,474,522,561,571,589,606,613,618,622,634,639,656,667,678,687,694,703,708,715,725,731,741,747,761,768,768,776,786,787,789,791,793,794,801,812,814,826,839,849,885,921,942,985,988,1011,1020,1025,1077,1102,1139,1147,1174,1205,1242,1256,1257,1290,1290,1329,1372,1429,1470,1490,1552,1584,1616,1673,1718,1737,1778,1832,1852,1929,1974,2103,2135,2159,2181,2195,2219,2233,2274,2317,2363,2384,2397,2414,2447,2533,2577,2617,2640,2700,2782,2838,2909,2965,2989,3013,3032,3080
Nuble,Chile,-36.7226,-71.7622,recovered,0,0,0,0,0,0,0,0,0,0,0,0,0,0,0,0,0,0,0,0,0,0,0,0,0,0,0,0,0,0,0,0,0,0,0,0,0,0,0,0,0,0,0,0,0,0,0,0,0,0,0,0,0,0,0,0,0,0,0,0,0,0,0,0,0,0,0,0,0,0,0,0,0,0,0,0,0,0,0,0,0,0,0,0,0,0,0,0,0,0,0,0,0,0,0,0,0,0,0,0,0,0,0,0,0,0,0,0,0,0,0,0,0,0,0,0,0,0,0,0,1970,2021,2078,2136,2200,2232,2246,2276,2300,2335,2376,2404,2437,2465,2503,2536,2575
Nuble,Chile,-36.7226,-71.7622,deaths,0,0,0,0,0,0,0,0,0,0,0,0,0,0,0,0,0,0,0,0,0,0,0,0,0,0,0,0,0,0,0,0,0,1,2,3,4,5,5,6,6,6,7,7,8,8,10,11,12,13,13,13,13,13,14,14,14,14,14,14,14,14,16,16,17,17,17,17,18,18,18,18,19,19,20,20,20,20,21,21,21,21,21,21,21,22,22,22,22,22,23,23,23,23,24,24,24,24,25,18,18,20,20,20,22,22,22,22,24,24,25,27,28,28,28,29,30,31,31,32,32,32,32,33,33,33,33,33,35,36,37,38,40,40,40,40,40
Arica y Parinacota,Chile,-18.594,-69.4785,confirmed,0,0,0,0,0,0,0,0,0,0,0,0,0,0,0,0,0,0,1,1,1,2,2,2,2,3,3,3,4,6,6,6,7,12,12,28,41,53,63,75,87,107,115,115,120,124,129,134,142,145,161,170,180,210,239,245,252,265,268,272,279,297,307,308,308,315,318,325,327,337,340,351,351,359,363,368,377,378,398,422,424,453,471,482,498,513,522,541,562,582,588,619,636,654,701,736,782,819,850,874,914,930,967,1011,1062,1109,1139,1156,1218,1239,1295,1325,1371,1420,1443,1473,1511,1549,1611,1649,1685,1713,1776,1832,1949,2006,2087,2119,2179,2273,2322,2395,2467,2562,2638,2735,2840
Arica y Parinacota,Chile,-18.594,-69.4785,recovered,0,0,0,0,0,0,0,0,0,0,0,0,0,0,0,0,0,0,0,0,0,0,0,0,0,0,0,0,0,0,0,0,0,0,0,0,0,0,0,0,0,0,0,0,0,0,0,0,0,0,0,0,0,0,0,0,0,0,0,0,0,0,0,0,0,0,0,0,0,0,0,0,0,0,0,0,0,0,0,0,0,0,0,0,0,0,0,0,0,0,0,0,0,0,0,0,0,0,0,0,0,0,0,0,0,0,0,0,0,0,0,0,0,0,0,0,0,0,0,0,1299,1340,1377,1408,1497,1530,1571,1621,1673,1706,1753,1801,1862,1920,1965,2025,2093
Arica y Parinacota,Chile,-18.594,-69.4785,deaths,0,0,0,0,0,0,0,0,0,0,0,0,0,0,0,0,0,0,0,0,0,0,0,0,0,0,0,0,0,0,0,0,0,0,0,0,0,0,0,0,0,0,1,1,1,1,1,2,2,2,2,2,2,2,3,3,3,3,3,4,4,4,4,4,4,4,5,6,6,6,6,7,7,7,7,7,7,7,7,7,7,7,7,7,7,7,7,7,7,7,7,7,8,8,8,8,9,9,10,8,8,10,10,10,10,11,11,11,11,12,12,12,12,12,12,15,16,19,20,20,20,20,20,21,22,22,22,22,24,24,26,26,28,28,28,31,32
Los Lagos,Chile,-42.3008,-73.1054,confirmed,0,0,0,0,0,0,1,1,1,1,1,1,1,1,1,1,1,8,16,18,20,23,33,36,44,60,63,93,104,128,151,181,203,234,259,276,286,299,325,340,349,364,372,380,385,390,399,412,416,421,424,432,445,454,460,465,473,477,477,481,487,501,513,517,524,525,541,545,548,559,575,592,594,628,633,641,644,647,652,656,666,693,717,727,736,763,781,791,814,822,860,863,863,894,913,926,968,985,1003,1010,1028,1041,1062,1083,1108,1141,1168,1178,1249,1263,1298,1335,1385,1437,1466,1483,1505,1541,1573,1609,1642,1656,1684,1734,1856,1930,1956,1978,2047,2099,2146,2222,2286,2331,2402,2456,2564
Los Lagos,Chile,-42.3008,-73.1054,recovered,0,0,0,0,0,0,0,0,0,0,0,0,0,0,0,0,0,0,0,0,0,0,0,0,0,0,0,0,0,0,0,0,0,0,0,0,0,0,0,0,0,0,0,0,0,0,0,0,0,0,0,0,0,0,0,0,0,0,0,0,0,0,0,0,0,0,0,0,0,0,0,0,0,0,0,0,0,0,0,0,0,0,0,0,0,0,0,0,0,0,0,0,0,0,0,0,0,0,0,0,0,0,0,0,0,0,0,0,0,0,0,0,0,0,0,0,0,0,0,0,1311,1338,1373,1415,1496,1524,1547,1584,1613,1653,1687,1738,1823,1869,1909,1960,2029
Los Lagos,Chile,-42.3008,-73.1054,deaths,0,0,0,0,0,0,0,0,0,0,0,0,0,0,0,0,0,0,0,0,0,0,0,0,0,0,0,0,0,0,0,0,0,0,0,1,2,2,2,2,2,5,5,5,5,5,5,6,6,6,6,6,6,7,8,8,8,8,9,9,10,10,10,10,10,10,10,10,10,10,10,10,11,11,11,11,11,11,11,12,12,13,13,13,13,13,13,13,13,13,13,13,13,13,13,13,13,13,13,12,12,12,12,12,13,13,13,13,14,14,14,15,17,17,17,18,19,20,20,21,21,21,21,21,21,21,21,21,21,22,22,22,23,23,23,24,25
Atacama,Chile,-27.5572,-70.0157,confirmed,0,0,0,0,0,0,0,0,0,0,0,0,0,1,1,1,1,1,1,1,1,1,1,1,1,1,1,1,2,2,2,3,3,5,5,5,5,6,8,10,13,13,13,13,13,13,13,13,13,13,13,13,13,18,21,24,29,35,35,42,43,43,59,67,70,78,80,87,88,117,124,133,134,139,140,143,146,149,157,158,163,168,175,182,182,185,188,197,202,207,215,218,232,236,242,258,269,281,306,339,348,365,389,413,436,448,484,502,561,586,623,650,683,718,747,785,837,887,925,956,1006,1043,1114,1135,1208,1253,1301,1323,1357,1429,1467,1522,1576,1633,1674,1722,1734
Atacama,Chile,-27.5572,-70.0157,recovered,0,0,0,0,0,0,0,0,0,0,0,0,0,0,0,0,0,0,0,0,0,0,0,0,0,0,0,0,0,0,0,0,0,0,0,0,0,0,0,0,0,0,0,0,0,0,0,0,0,0,0,0,0,0,0,0,0,0,0,0,0,0,0,0,0,0,0,0,0,0,0,0,0,0,0,0,0,0,0,0,0,0,0,0,0,0,0,0,0,0,0,0,0,0,0,0,0,0,0,0,0,0,0,0,0,0,0,0,0,0,0,0,0,0,0,0,0,0,0,0,689,732,768,790,879,920,959,992,1015,1036,1084,1126,1147,1175,1208,1263,1302
Atacama,Chile,-27.5572,-70.0157,deaths,0,0,0,0,0,0,0,0,0,0,0,0,0,0,0,0,0,0,0,0,0,0,0,0,0,0,0,0,0,0,0,0,0,0,0,0,0,0,0,0,0,0,0,0,0,0,0,0,0,0,0,0,0,0,0,0,0,0,0,0,0,0,0,0,0,0,0,0,0,0,0,0,0,0,0,0,0,0,0,0,0,0,0,0,0,0,0,0,0,0,0,0,0,0,0,0,0,0,0,0,0,0,0,0,0,0,0,0,0,0,0,1,2,2,2,2,2,2,2,2,2,2,2,2,5,5,5,5,7,7,9,9,9,9,9,10,10
Magallanes,Chile,-53.1548,-70.9113,confirmed,0,0,0,0,0,0,0,0,0,0,0,0,0,0,0,0,2,2,2,2,3,4,6,8,13,19,22,26,39,39,63,99,114,156,172,190,221,240,266,286,331,377,396,415,429,444,467,501,522,553,566,593,605,615,624,655,668,671,693,714,725,726,752,777,795,809,818,836,867,881,893,901,910,921,935,937,952,961,971,972,977,987,992,997,1010,1016,1031,1037,1040,1047,1054,1056,1056,1060,1063,1069,1072,1081,1082,1088,1088,1089,1102,1107,1123,1153,1185,1210,1284,1293,1302,1315,1335,1352,1363,1363,1385,1397,1423,1435,1440,1452,1461,1465,1479,1486,1501,1504,1507,1520,1533,1545,1555,1563,1578,1587,1589
Magallanes,Chile,-53.1548,-70.9113,recovered,0,0,0,0,0,0,0,0,0,0,0,0,0,0,0,0,0,0,0,0,0,0,0,0,0,0,0,0,0,0,0,0,0,0,0,0,0,0,0,0,0,0,0,0,0,0,0,0,0,0,0,0,0,0,0,0,0,0,0,0,0,0,0,0,0,0,0,0,0,0,0,0,0,0,0,0,0,0,0,0,0,0,0,0,0,0,0,0,0,0,0,0,0,0,0,0,0,0,0,0,0,0,0,0,0,0,0,0,0,0,0,0,0,0,0,0,0,0,0,0,1290,1294,1307,1326,1355,1371,1376,1396,1416,1426,1434,1437,1448,1451,1458,1467,1468
Magallanes,Chile,-53.1548,-70.9113,deaths,0,0,0,0,0,0,0,0,0,0,0,0,0,0,0,0,0,0,0,0,0,0,0,0,0,0,0,0,0,0,0,0,0,1,2,2,2,2,3,3,3,3,4,5,6,6,6,6,6,6,6,7,7,7,8,8,9,10,10,11,11,11,11,11,11,11,11,11,11,11,13,14,14,16,16,16,16,16,16,17,18,18,18,18,18,18,18,18,18,19,19,19,19,19,19,19,19,19,19,15,15,15,15,15,15,15,15,15,15,15,15,15,15,15,15,15,15,15,15,15,15,15,15,15,15,15,15,15,17,17,17,17,17,17,17,18,18
Los Rios,Chile,-39.9743,-72.6675,confirmed,0,0,0,0,0,0,0,0,0,0,0,0,0,0,0,1,1,1,1,1,1,1,4,6,11,14,22,27,40,47,58,64,68,78,89,99,104,109,114,118,124,130,135,138,148,150,153,154,156,157,162,167,171,173,174,177,178,180,180,182,189,189,196,198,199,199,200,202,203,206,206,208,211,212,214,219,219,220,224,229,247,258,262,274,290,297,304,309,318,330,345,356,363,368,372,379,390,400,417,425,446,452,462,479,487,495,529,533,555,567,579,589,610,621,625,629,641,652,659,678,689,701,706,708,720,724,731,735,740,753,758,765,766,769,777,781,796
Los Rios,Chile,-39.9743,-72.6675,recovered,0,0,0,0,0,0,0,0,0,0,0,0,0,0,0,0,0,0,0,0,0,0,0,0,0,0,0,0,0,0,0,0,0,0,0,0,0,0,0,0,0,0,0,0,0,0,0,0,0,0,0,0,0,0,0,0,0,0,0,0,0,0,0,0,0,0,0,0,0,0,0,0,0,0,0,0,0,0,0,0,0,0,0,0,0,0,0,0,0,0,0,0,0,0,0,0,0,0,0,0,0,0,0,0,0,0,0,0,0,0,0,0,0,0,0,0,0,0,0,0,585,594,606,614,633,645,650,659,674,678,689,694,702,709,717,718,716
Los Rios,Chile,-39.9743,-72.6675,deaths,0,0,0,0,0,0,0,0,0,0,0,0,0,0,0,0,0,0,0,0,0,0,0,0,0,0,0,0,0,0,0,1,1,1,1,1,1,2,2,2,2,2,3,3,3,3,3,3,3,3,3,3,3,3,3,3,3,3,4,4,4,4,4,4,4,4,4,4,4,5,5,5,5,6,6,6,6,6,6,6,6,6,6,6,6,6,6,6,6,6,6,6,7,7,8,8,8,8,8,8,8,8,8,9,9,9,9,9,10,10,10,10,10,10,10,10,10,10,10,10,10,10,10,10,10,10,10,10,11,11,11,11,11,11,11,11,11
Aysen,Chile,-46.459,-72.6718,confirmed,0,0,0,0,0,0,0,0,0,0,0,0,0,1,1,1,1,1,1,1,1,1,1,1,1,2,2,2,2,2,2,3,5,6,6,7,7,7,7,7,7,7,7,7,7,7,7,7,7,7,7,7,7,7,7,7,7,7,7,7,7,7,7,7,7,7,7,8,8,8,8,8,8,8,8,8,8,8,8,8,8,8,8,8,8,10,12,12,14,16,16,17,17,18,18,19,19,19,20,21,21,21,22,22,24,24,26,26,26,26,27,28,28,28,28,28,29,30,35,41,42,42,42,46,46,48,48,48,49,49,50,51,56,58,58,60,61
Aysen,Chile,-46.459,-72.6718,recovered,0,0,0,0,0,0,0,0,0,0,0,0,0,0,0,0,0,0,0,0,0,0,0,0,0,0,0,0,0,0,0,0,0,0,0,0,0,0,0,0,0,0,0,0,0,0,0,0,0,0,0,0,0,0,0,0,0,0,0,0,0,0,0,0,0,0,0,0,0,0,0,0,0,0,0,0,0,0,0,0,0,0,0,0,0,0,0,0,0,0,0,0,0,0,0,0,0,0,0,0,0,0,0,0,0,0,0,0,0,0,0,0,0,0,0,0,0,0,0,0,28,29,28,29,32,35,35,37,38,40,43,45,46,46,46,46,46
Aysen,Chile,-46.459,-72.6718,deaths,0,0,0,0,0,0,0,0,0,0,0,0,0,0,0,0,0,0,0,0,0,0,0,0,0,0,0,0,0,0,0,0,0,0,0,0,0,0,0,0,0,0,0,0,0,0,0,0,0,0,0,0,0,0,0,0,0,0,0,0,0,0,0,0,0,0,0,0,0,0,0,0,0,0,0,0,0,0,0,0,0,0,0,0,0,0,0,0,0,0,0,0,0,0,0,0,0,0,0,0,0,0,0,0,0,0,0,0,0,0,0,0,0,0,0,0,0,0,0,0,0,0,0,0,0,0,0,0,0,0,0,0,0,0,0,0,0
